Workbook

Sheet How to use this
B2: Yellow cells
B3: You fill these in.
B4: Blue cells
B5: Calculated for you. Do not type over them — they contain formulas.
B6: Green row
B7: A worked example so you can see the expected format. Delete it when you start.
B8: What this is for
B9: Getting every candidate cause out of the team's heads and onto one page, grouped so the gaps are visible.
B10: How to run it
B11: Write the effect precisely first. Brainwrite silently for five minutes before anyone speaks — verbal-first brainstorming is dominated by the most senior voice in the room.
B12: Push each branch down two levels with 'why does that happen?'. Then score likelihood and impact.
B13: The check that matters
... B16: Causes on a fishbone are hypotheses, not findings. Nothing leaves this tool without being tested — carry the highest-priority ones into the X-Y matrix.

Sheet Fishbone
A1: Cause & effect (Ishikawa) — support categories, not 6M
A2: Machine / Method / Material / Measurement / Man / Mother Nature was written for a factory. These are the categories a support process actually fails in.
A4: THE EFFECT — use the problem statement's metric and magnitude
A5: Effect | B5: 7-day reopen rate on billing tickets is 14.2% against a target of 8%
A7: Category | B7: Candidate cause | C7: Likelihood 1-5 | D7: Impact 1-5 | E7: Priority | F7: Evidence you would need | T7: key (used by the diagram)
A8: Process | B8: Ticket can be closed before the billing adjustment posts | C8: 5 | D8: 5 | E8: =IF(COUNT(C8:D8)<2,"",C8*D8) | F8: Reopens where closure timestamp precedes the posting webhook | T8: =IF(A8="","",A8&"|"&COUNTIF($A$8:A8,A8))
A9: Process | B9: Billing Ops pull the queue once a day, so nothing moves overnight | C9: 4 | D9: 4 | E9: =IF(COUNT(C9:D9)<2,"",C9*D9) | F9: Queue age distribution by hour of arrival | T9: =IF(A9="","",A9&"|"&COUNTIF($A$8:A9,A9))
A10: Systems | B10: The status model has no pending-adjustment state | C10: 5 | D10: 5 | E10: =IF(COUNT(C10:D10)<2,"",C10*D10) | F10: Count of closures with an adjustment still in flight | T10: =IF(A10="","",A10&"|"&COUNTIF($A$8:A10,A10))
A11: Systems | B11: The nightly adjustment batch fails silently | C11: 3 | D11: 5 | E11: =IF(COUNT(C11:D11)<2,"",C11*D11) | F11: Batch exit codes against the days reopens spiked | T11: =IF(A11="","",A11&"|"&COUNTIF($A$8:A11,A11))
A12: People | B12: New hires close on the request, not on the posting | C12: 3 | D12: 4 | E12: =IF(COUNT(C12:D12)<2,"",C12*D12) | F12: Reopen rate split by agent tenure band | T12: =IF(A12="","",A12&"|"&COUNTIF($A$8:A12,A12))
A13: Knowledge | B13: No written definition of 'resolved' for a billing adjustment | C13: 4 | D13: 3 | E13: =IF(COUNT(C13:D13)<2,"",C13*D13) | F13: Ask ten agents to define it and compare the answers | T13: =IF(A13="","",A13&"|"&COUNTIF($A$8:A13,A13))
A14: Routing & demand | B14: Adjustment requests route to general billing, not the adjustments desk | C14: 3 | D14: 3 | E14: =IF(COUNT(C14:D14)<2,"",C14*D14) | F14: Share of reopens that were transferred at least once | T14: =IF(A14="","",A14&"|"&COUNTIF($A$8:A14,A14))
A15: Product / upstream | B15: The billing platform posts asynchronously with no callback | C15: 4 | D15: 5 | E15: =IF(COUNT(C15:D15)<2,"",C15*D15) | F15: Distribution of the gap between request and posting | T15: =IF(A15="","",A15&"|"&COUNTIF($A$8:A15,A15))
A16: Measurement | B16: Reopen rate counts same-reason reopens only, hiding the rest | C16: 3 | D16: 4 | E16: =IF(COUNT(C16:D16)<2,"",C16*D16) | F16: Recount on an any-reason definition | T16: =IF(A16="","",A16&"|"&COUNTIF($A$8:A16,A16))
E17: =IF(COUNT(C17:D17)<2,"",C17*D17) | T17: =IF(A17="","",A17&"|"&COUNTIF($A$8:A17,A17))
E18: =IF(COUNT(C18:D18)<2,"",C18*D18) | T18: =IF(A18="","",A18&"|"&COUNTIF($A$8:A18,A18))
E19: =IF(COUNT(C19:D19)<2,"",C19*D19) | T19: =IF(A19="","",A19&"|"&COUNTIF($A$8:A19,A19))
E20: =IF(COUNT(C20:D20)<2,"",C20*D20) | T20: =IF(A20="","",A20&"|"&COUNTIF($A$8:A20,A20))
E21: =IF(COUNT(C21:D21)<2,"",C21*D21) | T21: =IF(A21="","",A21&"|"&COUNTIF($A$8:A21,A21))
E22: =IF(COUNT(C22:D22)<2,"",C22*D22) | T22: =IF(A22="","",A22&"|"&COUNTIF($A$8:A22,A22))
E23: =IF(COUNT(C23:D23)<2,"",C23*D23) | T23: =IF(A23="","",A23&"|"&COUNTIF($A$8:A23,A23))
E24: =IF(COUNT(C24:D24)<2,"",C24*D24) | T24: =IF(A24="","",A24&"|"&COUNTIF($A$8:A24,A24))
E25: =IF(COUNT(C25:D25)<2,"",C25*D25) | T25: =IF(A25="","",A25&"|"&COUNTIF($A$8:A25,A25))
E26: =IF(COUNT(C26:D26)<2,"",C26*D26) | T26: =IF(A26="","",A26&"|"&COUNTIF($A$8:A26,A26))
E27: =IF(COUNT(C27:D27)<2,"",C27*D27) | T27: =IF(A27="","",A27&"|"&COUNTIF($A$8:A27,A27))
E28: =IF(COUNT(C28:D28)<2,"",C28*D28) | T28: =IF(A28="","",A28&"|"&COUNTIF($A$8:A28,A28))
... E35: =IF(COUNT(C35:D35)<2,"",C35*D35) | T35: =IF(A35="","",A35&"|"&COUNTIF($A$8:A35,A35))
A37: BRANCH BALANCE — a thin branch is a blind spot, not an absence of causes | H37: Mean causes per branch
A38: People | B38: =COUNTIF($A$8:$A$35,A38) | C38: =IF(COUNTIF($A$8:$A$35,A38)=0,"EMPTY — look again","") | H38: =AVERAGE($B$38:$B$44)
A39: Process | B39: =COUNTIF($A$8:$A$35,A39) | C39: =IF(COUNTIF($A$8:$A$35,A39)=0,"EMPTY — look again","") | H39: =AVERAGE($B$38:$B$44)
A40: Systems | B40: =COUNTIF($A$8:$A$35,A40) | C40: =IF(COUNTIF($A$8:$A$35,A40)=0,"EMPTY — look again","") | H40: =AVERAGE($B$38:$B$44)
A41: Knowledge | B41: =COUNTIF($A$8:$A$35,A41) | C41: =IF(COUNTIF($A$8:$A$35,A41)=0,"EMPTY — look again","") | H41: =AVERAGE($B$38:$B$44)
A42: Routing & demand | B42: =COUNTIF($A$8:$A$35,A42) | C42: =IF(COUNTIF($A$8:$A$35,A42)=0,"EMPTY — look again","") | H42: =AVERAGE($B$38:$B$44)
A43: Product / upstream | B43: =COUNTIF($A$8:$A$35,A43) | C43: =IF(COUNTIF($A$8:$A$35,A43)=0,"EMPTY — look again","") | H43: =AVERAGE($B$38:$B$44)
A44: Measurement | B44: =COUNTIF($A$8:$A$35,A44) | C44: =IF(COUNTIF($A$8:$A$35,A44)=0,"EMPTY — look again","") | H44: =AVERAGE($B$38:$B$44)
A46: Support teams over-populate People and under-populate Systems and Knowledge, because blaming agents is culturally available. An empty Measurement branch is almost always wrong — if you have not questioned the measurement, you have not finished.

Sheet Fishbone diagram
A1: Cause & effect — the diagram
A2: Every box below is a formula reading the Fishbone tab. Type there; this redraws itself. Four causes per branch are shown — the tab holds as many as you like.
B4: People | H4: Process | N4: Systems | T4: Knowledge
B6: =IFERROR(INDEX(Fishbone!$B$8:$B$35,MATCH("People|1",Fishbone!$T$8:$T$35,0)),"") | H6: =IFERROR(INDEX(Fishbone!$B$8:$B$35,MATCH("Process|1",Fishbone!$T$8:$T$35,0)),"") | N6: =IFERROR(INDEX(Fishbone!$B$8:$B$35,MATCH("Systems|1",Fishbone!$T$8:$T$35,0)),"") | T6: =IFERROR(INDEX(Fishbone!$B$8:$B$35,MATCH("Knowledge|1",Fishbone!$T$8:$T$35,0)),"")
B8: =IFERROR(INDEX(Fishbone!$B$8:$B$35,MATCH("People|2",Fishbone!$T$8:$T$35,0)),"") | H8: =IFERROR(INDEX(Fishbone!$B$8:$B$35,MATCH("Process|2",Fishbone!$T$8:$T$35,0)),"") | N8: =IFERROR(INDEX(Fishbone!$B$8:$B$35,MATCH("Systems|2",Fishbone!$T$8:$T$35,0)),"") | T8: =IFERROR(INDEX(Fishbone!$B$8:$B$35,MATCH("Knowledge|2",Fishbone!$T$8:$T$35,0)),"")
B10: =IFERROR(INDEX(Fishbone!$B$8:$B$35,MATCH("People|3",Fishbone!$T$8:$T$35,0)),"") | H10: =IFERROR(INDEX(Fishbone!$B$8:$B$35,MATCH("Process|3",Fishbone!$T$8:$T$35,0)),"") | N10: =IFERROR(INDEX(Fishbone!$B$8:$B$35,MATCH("Systems|3",Fishbone!$T$8:$T$35,0)),"") | T10: =IFERROR(INDEX(Fishbone!$B$8:$B$35,MATCH("Knowledge|3",Fishbone!$T$8:$T$35,0)),"")
B12: =IFERROR(INDEX(Fishbone!$B$8:$B$35,MATCH("People|4",Fishbone!$T$8:$T$35,0)),"") | H12: =IFERROR(INDEX(Fishbone!$B$8:$B$35,MATCH("Process|4",Fishbone!$T$8:$T$35,0)),"") | N12: =IFERROR(INDEX(Fishbone!$B$8:$B$35,MATCH("Systems|4",Fishbone!$T$8:$T$35,0)),"") | T12: =IFERROR(INDEX(Fishbone!$B$8:$B$35,MATCH("Knowledge|4",Fishbone!$T$8:$T$35,0)),"") | AA12: =Fishbone!B5
E18: =IFERROR(INDEX(Fishbone!$B$8:$B$35,MATCH("Routing & demand|1",Fishbone!$T$8:$T$35,0)),"") | K18: =IFERROR(INDEX(Fishbone!$B$8:$B$35,MATCH("Product / upstream|1",Fishbone!$T$8:$T$35,0)),"") | Q18: =IFERROR(INDEX(Fishbone!$B$8:$B$35,MATCH("Measurement|1",Fishbone!$T$8:$T$35,0)),"")
E20: =IFERROR(INDEX(Fishbone!$B$8:$B$35,MATCH("Routing & demand|2",Fishbone!$T$8:$T$35,0)),"") | K20: =IFERROR(INDEX(Fishbone!$B$8:$B$35,MATCH("Product / upstream|2",Fishbone!$T$8:$T$35,0)),"") | Q20: =IFERROR(INDEX(Fishbone!$B$8:$B$35,MATCH("Measurement|2",Fishbone!$T$8:$T$35,0)),"")
E22: =IFERROR(INDEX(Fishbone!$B$8:$B$35,MATCH("Routing & demand|3",Fishbone!$T$8:$T$35,0)),"") | K22: =IFERROR(INDEX(Fishbone!$B$8:$B$35,MATCH("Product / upstream|3",Fishbone!$T$8:$T$35,0)),"") | Q22: =IFERROR(INDEX(Fishbone!$B$8:$B$35,MATCH("Measurement|3",Fishbone!$T$8:$T$35,0)),"")
E24: =IFERROR(INDEX(Fishbone!$B$8:$B$35,MATCH("Routing & demand|4",Fishbone!$T$8:$T$35,0)),"") | K24: =IFERROR(INDEX(Fishbone!$B$8:$B$35,MATCH("Product / upstream|4",Fishbone!$T$8:$T$35,0)),"") | Q24: =IFERROR(INDEX(Fishbone!$B$8:$B$35,MATCH("Measurement|4",Fishbone!$T$8:$T$35,0)),"")
E26: Routing & demand | K26: Product / upstream | Q26: Measurement
A28: A branch with no boxes is where you are not looking, not where there is nothing to find. An empty Measurement branch is almost always wrong.

Sheet Category prompts
A1: What lives in each branch
A2: Prompts to force entries into the thin branches.
A4: People | B4: Skill, tenure, authority limits, coaching, workload, incentive conflicts.
A5: Process | B5: Steps that can be skipped, missing pending states, approvals, handoffs, queue discipline.
A6: Systems | B6: Tooling gaps, swivel-chair work, latency, permissions, integrations that fail silently.
A7: Knowledge | B7: Missing or wrong articles, search that does not find them, content nobody owns.
A8: Routing & demand | B8: Mis-routing, IVR options, skill-based routing rules, arrival patterns, mix shift.
A9: Product / upstream | B9: Defects reaching customers, confusing UX, billing logic, release cadence.
A10: Measurement | B10: Disposition codes, QA rubric, operational definitions, instrumentation gaps.
